"지역별(1)","산업별(10차)중분류별(1)",2019,2019,2019,2019,2019,2019,2019,2020,2020,2020,2020,2020,2020,2020,2021,2021,2021,2021,2021,2021,2021,2022,2022,2022,2022,2022,2022,2022
"지역별(1)","산업별(10차)중분류별(1)",전체기업,중소기업,중소기업,중소기업,중소기업,중소기업,중소기업 외,전체기업,중소기업,중소기업,중소기업,중소기업,중소기업,중소기업 외,전체기업,중소기업,중소기업,중소기업,중소기업,중소기업,중소기업 외,전체기업,중소기업,중소기업,중소기업,중소기업,중소기업,중소기업 외
"지역별(1)","산업별(10차)중분류별(1)",소계,소계,소기업,소기업,소기업,중기업,소계,소계,소계,소기업,소기업,소기업,중기업,소계,소계,소계,소기업,소기업,소기업,중기업,소계,소계,소계,소기업,소기업,소기업,중기업,소계
"지역별(1)","산업별(10차)중분류별(1)",소계,소계,소계,소상공인,소상공인 제외,소계,소계,소계,소계,소계,소상공인,소상공인 제외,소계,소계,소계,소계,소계,소상공인,소상공인 제외,소계,소계,소계,소계,소계,소상공인,소상공인 제외,소계,소계
"전국","전산업",56298686,26542289,15276291,10304919,4971372,11265998,29756398,56611742,26745661,15377582,10419044,4958537,11368080,29866081,64500838,30171248,17002249,11658742,5343507,13168998,34329590,74944317,33090291,18244476,12729183,5515293,14845815,41854026
"전국","A.농업, 임업 및 어업(01~03)",248990,231850,201787,143806,57981,30063,17140,273194,255120,217407,150899,66508,37713,18073,312730,293505,243870,171023,72847,49635,19225,340942,318937,259327,181661,77666,59610,22005
"전국","B.광업(05~08)",29846,27408,12942,6041,6901,14465,2438,30440,26956,13252,5682,7570,13704,3484,33914,29833,14324,6464,7859,15509,4081,36386,30965,13754,7057,6697,17211,5421
"전국","C.제조업(10~34)",20259627,7132632,3917182,1935536,1981646,3215450,13126995,19372776,6842379,3759115,1825444,1933671,3083264,12530397,22879690,7644003,4174832,2089853,2084979,3469172,15235686,26234332,8346227,4452168,2267053,2185115,3894059,17888105
"전국","D.전기, 가스, 증기 및 공기 조절 공급업(35)",710139,42735,28397,23368,5029,14338,667404,638428,45984,33174,28521,4653,12810,592444,759497,58243,43518,39192,4327,14725,701254,1199037,85735,64787,59679,5108,20947,1113302
"전국","E.수도, 하수 및 폐기물 처리, 원료 재생업(36~39)",220360,184129,59313,24775,34538,124816,36232,217425,185261,59875,25568,34307,125386,32165,271275,226777,66617,30093,36524,160160,44498,289038,240215,67704,32229,35475,172510,48824
"전국","F.건설업(41~42)",4855240,3034124,1883594,1162083,721511,1150530,1821116,4808252,2992487,1900263,1189098,711166,1092224,1815765,5169921,3291011,2085596,1335215,750381,1205416,1878910,5780745,3603841,2237104,1472515,764589,1366737,2176904
"전국","G.도매 및 소매업(45~47)",13172311,8951697,4994331,3932001,1062331,3957366,4220614,13468573,9186370,5091228,4015885,1075343,4095142,4282203,15363737,10353818,5542457,4400729,1141728,4811361,5009920,17124569,11204716,5800867,4667061,1133806,5403850,5919853
"전국","H.운수 및 창고업(49~52)",2083983,1054292,740693,584885,155808,313599,1029691,2007794,1096546,761300,587868,173432,335246,911248,2557174,1284837,848955,657512,191443,435882,1272337,3193530,1484093,948322,764083,184238,535772,1709437
"전국","I.숙박 및 음식점업(55~56)",1646754,1311469,1064399,889754,174645,247070,335284,1520964,1244207,1046986,903053,143933,197221,276757,1661371,1349757,1129267,974266,155001,220490,311614,2026022,1648632,1344997,1165615,179382,303635,377390
"전국","J.정보통신업(58~63)",1870439,634250,304386,126824,177562,329864,1236189,1978956,687600,336078,139232,196846,351522,1291356,2310584,810715,396173,167950,228223,414542,1499869,2539323,931930,436142,190404,245737,495788,1607394
"전국","K.금융 및 보험업(64~66)",5931366,248397,146855,111272,35583,101542,5682969,6845247,274347,162851,122802,40050,111495,6570901,6836195,318707,198568,151835,46733,120139,6517488,9211050,345199,220994,179286,41709,124205,8865850
"전국","L.부동산업(68)",1716047,926848,488501,439051,49450,438348,789199,1773739,1077240,557632,503442,54190,519608,696499,2108464,1272465,632701,573809,58892,639763,835999,2127217,1195860,603077,544132,58945,592783,931357
"전국","M.전문, 과학 및 기술 서비스업(70~73)",1130291,791918,451458,236633,214824,340460,338373,1275469,890843,499342,262162,237181,391501,384626,1472450,1044691,578902,315446,263456,465788,427760,1658195,1167137,625068,348712,276356,542069,491058
"전국","N.사업시설 관리, 사업 지원 및 임대 서비스업(74~76)",926121,604576,266489,134667,131822,338087,321544,938875,595700,264703,134258,130445,330997,343175,1098587,667792,296750,156729,140021,371042,430795,1295444,761290,337729,184805,152924,423561,534155
"전국","P.교육 서비스업(85)",232335,200343,140742,123572,17170,59600,31992,219871,190100,129119,112819,16300,60980,29771,275327,239419,168175,147063,21112,71243,35908,312133,267341,187621,166025,21595,79721,44792
"전국","Q.보건업 및 사회복지 서비스업(86~87)",691102,682948,250421,161938,88482,432527,8154,707028,693237,237578,154519,83058,455659,13792,793158,775497,251971,165484,86487,523526,17661,883102,865792,264436,177534,86902,601355,17310
"전국","R.예술, 스포츠 및 여가관련 서비스업(90~91)",243873,178477,122169,101748,20421,56308,65397,200579,156969,104424,87869,16555,52545,43611,240648,185173,114156,94182,19973,71018,55475,293706,230571,145837,120292,25545,84734,63135
"전국","S.협회 및 단체, 수리 및 기타 개인 서비스업(94~96)",329862,304197,202633,166966,35667,101564,25665,334131,304316,203254,169923,33331,101062,29815,356115,325005,215417,181897,33521,109588,31109,399546,361812,234542,201038,33504,127270,37734
"서울","전산업",24459448,6832028,3223426,2241634,981792,3608602,17627420,24597052,6737729,3150515,2210852,939663,3587215,17859323,27900369,7540981,3448261,2435758,1012503,4092719,20359389,33725862,8229656,3668981,2626422,1042559,4560675,25496206
"서울","A.농업, 임업 및 어업(01~03)",*,3415,1254,734,520,2161,*,*,3093,1250,947,303,1843,*,*,3744,1471,1023,448,2272,*,*,*,1326,1051,274,*,*
"서울","B.광업(05~08)",*,*,468,121,347,*,*,*,2485,347,63,283,2138,*,*,2747,314,91,223,2433,*,*,*,288,79,209,*,*
"서울","C.제조업(10~34)",5980099,796354,373874,233255,140619,422480,5183745,5303869,638529,305709,194811,110899,332819,4665340,6451463,695876,336888,217592,119296,358989,5755587,7767332,749269,354514,232202,122312,394755,7018063
"서울","D.전기, 가스, 증기 및 공기 조절 공급업(35)",99862,3502,1327,1032,295,2175,96360,88958,3508,1533,1195,339,1974,85450,102747,3522,1533,1112,421,1988,99225,157637,4283,2172,1780,392,2111,153354
"서울","E.수도, 하수 및 폐기물 처리, 원료 재생업(36~39)",*,*,3707,940,2767,*,*,*,11234,3772,921,2851,7462,*,*,12463,4011,1145,2866,8452,*,15418,12305,3874,1232,2642,8431,3113
"서울","F.건설업(41~42)",1517495,671818,323815,198411,125404,348003,845676,1522894,636959,311751,196765,114987,325207,885935,1784415,686881,339871,221559,118312,347010,1097534,2041999,744376,357269,233577,123692,387106,1297623
"서울","G.도매 및 소매업(45~47)",5999313,2749609,1216000,926650,289350,1533609,3249703,6077171,2797566,1213100,929237,283863,1584466,3279605,6956390,3081302,1288193,989913,298280,1793109,3875088,7893618,3282304,1326932,1032086,294846,1955372,4611315
"서울","H.운수 및 창고업(49~52)",1074843,258686,139381,104081,35300,119305,816156,996269,269503,140266,103575,36691,129237,726766,1403326,347931,154748,118456,36292,193183,1055394,1826908,400282,166063,130922,35141,234219,1426626
"서울","I.숙박 및 음식점업(55~56)",582983,329307,232394,185254,47140,96912,253677,478463,284594,214484,177083,37401,70110,193869,520262,300830,223910,185229,38681,76920,219432,642706,378981,272371,225354,47016,106610,263726
"서울","J.정보통신업(58~63)",1280426,446144,197104,76612,120491,249041,834282,1346500,473327,211493,81308,130184,261834,873173,1604925,558016,245634,94853,150781,312383,1046909,1738198,637908,263867,104146,159721,374040,1100290
"서울","K.금융 및 보험업(64~66)",5614510,197376,115662,89289,26373,81714,5417133,6503601,223120,130132,100151,29981,92987,6280481,6447265,261964,161083,125298,35785,100880,6185301,8743575,289745,184457,152159,32298,105288,8453830
"서울","L.부동산업(68)",707639,329641,171025,147954,23072,158616,377998,642937,374768,181240,156651,24588,193528,268169,760992,417057,194031,168505,25527,223025,343935,769506,397363,189861,163997,25863,207502,372143
"서울","M.전문, 과학 및 기술 서비스업(70~73)",685562,421421,203155,106500,96655,218266,264141,754502,459552,217675,113955,103720,241878,294949,860983,542827,252090,136397,115693,290738,318156,949426,606467,268239,148079,120160,338228,342959
"서울","N.사업시설 관리, 사업 지원 및 임대 서비스업(74~76)",463091,240504,69924,35214,34711,170579,222587,447032,209240,59866,30974,28892,149374,237793,514914,226412,69109,36420,32688,157303,288502,630446,259954,81019,42276,38744,178934,370492
"서울","P.교육 서비스업(85)",100023,70396,36377,31583,4794,34019,29627,94565,66909,32576,28164,4412,34333,27656,114798,80922,41061,35593,5467,39862,33876,130354,89401,44953,39495,5458,44449,40953
"서울","Q.보건업 및 사회복지 서비스업(86~87)",181576,177888,62836,41782,21054,115052,3688,186286,178823,58715,39247,19468,120108,7463,208497,201243,62398,42526,19872,138845,7254,234614,228424,66099,46256,19843,162325,6190
"서울","R.예술, 스포츠 및 여가관련 서비스업(90~91)",73714,51697,36247,29888,6359,15450,22017,55887,39617,29261,24510,4752,10355,16270,68477,49959,32823,26932,5891,17136,18518,82637,64079,43047,35056,7991,21032,18557
"서울","S.협회 및 단체, 수리 및 기타 개인 서비스업(94~96)",75434,69647,38873,32332,6542,30773,5787,74543,64904,37345,31295,6050,27559,9639,75527,67285,39093,33114,5980,28191,8242,86806,76849,42631,36675,5956,34218,9957
"부산","전산업",2418963,1662363,936750,652114,284635,725614,756600,2338907,1623124,928857,648487,280370,694267,715783,2618787,1821325,1014289,715725,298565,807036,797461,2980421,2005663,1093399,780969,312430,912264,974759
"부산","A.농업, 임업 및 어업(01~03)",7315,7315,3828,1236,2591,3487,-,*,7274,3480,1234,2246,3794,*,*,8868,3699,1240,2459,5169,*,*,9822,*,1375,*,*,*
"부산","B.광업(05~08)",1356,1356,*,*,*,*,-,140,140,*,63,*,*,-,204,204,*,69,*,*,-,252,252,*,109,*,*,-
"부산","C.제조업(10~34)",631188,386303,220010,114006,106004,166292,244885,566647,361365,204151,103727,100424,157214,205282,636615,401598,223289,116058,107231,178309,235017,733856,445809,245299,128043,117257,200510,288047
"부산","D.전기, 가스, 증기 및 공기 조절 공급업(35)",62750,1918,584,407,177,1334,60832,51301,1260,*,336,*,*,50041,68308,1379,*,335,*,*,66929,109411,2128,765,550,216,1363,107283
"부산","E.수도, 하수 및 폐기물 처리, 원료 재생업(36~39)",*,9008,*,*,*,*,*,*,8405,2794,1043,1751,5611,*,*,9351,3181,1310,1871,6170,*,9919,9919,3188,1332,1855,6731,-
"부산","F.건설업(41~42)",251580,176367,99943,60373,39570,76424,75213,240232,169781,98258,59320,38938,71523,70451,253729,180110,107202,67068,40134,72908,73618,263720,188653,113571,72920,40650,75082,75067
"부산","G.도매 및 소매업(45~47)",784376,651929,346399,276420,69980,305530,132447,776398,640106,347550,277210,70340,292556,136292,873866,724507,377232,302657,74574,347275,149359,979149,798170,397777,323042,74735,400393,180979
"부산","H.운수 및 창고업(49~52)",165572,113203,74029,58160,15869,39174,52369,170624,115909,75404,57263,18141,40505,54714,206515,136748,84890,66107,18783,51858,69768,245029,161083,93568,76169,17400,67514,83946
"부산","I.숙박 및 음식점업(55~56)",88751,82882,66121,54725,11396,16761,5869,81134,76823,64009,55173,8836,12814,4311,86601,82664,68682,58679,10002,13982,3937,107642,103436,82726,70406,12320,20710,4207
"부산","J.정보통신업(58~63)",13640,11979,7185,3132,4053,4794,1661,16817,14238,8983,3675,5308,5255,2579,18938,16264,10287,4285,6002,5978,2673,22025,19349,11937,4916,7021,7413,2676
"부산","K.금융 및 보험업(64~66)",124331,5765,3412,1976,1437,2352,118566,135514,5983,3643,1953,1691,2340,129531,140946,8001,4053,2469,1584,3947,132945,173864,6628,3721,2200,1520,2907,167237
"부산","L.부동산업(68)",100816,57191,28810,25882,2928,28380,43626,108748,66600,36819,33573,3246,29782,42147,119599,77867,39542,35866,3676,38325,41732,104045,64922,37222,33244,3978,27700,39123
"부산","M.전문, 과학 및 기술 서비스업(70~73)",50005,37435,23430,12216,11214,14005,12570,55537,41074,25664,13250,12413,15410,14463,61028,46194,29025,15359,13666,17169,14834,72803,53704,31559,16982,14577,22145,19099
"부산","N.사업시설 관리, 사업 지원 및 임대 서비스업(74~76)",37871,32193,14231,7345,6886,17962,5678,32432,29615,13613,7219,6394,16002,2817,35391,31794,14965,7768,7197,16828,3598,39974,35614,16597,9098,7499,19016,4361
"부산","P.교육 서비스업(85)",10263,10133,8262,7055,1208,1871,130,9746,9639,7872,6662,1210,1767,107,*,12307,10003,8516,1488,2304,*,*,13371,10914,9459,1456,2457,*
"부산","Q.보건업 및 사회복지 서비스업(86~87)",51204,51204,17905,11703,6201,33299,-,*,50800,17324,11219,6106,33475,*,*,57962,18254,11881,6374,39707,*,*,63225,19286,12746,6539,43939,*
"부산","R.예술, 스포츠 및 여가관련 서비스업(90~91)",9482,8739,6902,5751,1151,1837,744,7645,7027,5942,4925,1018,1085,617,8992,7640,6234,5063,1170,1407,1352,11068,10164,7667,6330,1337,2497,904
"부산","S.협회 및 단체, 수리 및 기타 개인 서비스업(94~96)",*,17445,12759,10614,2145,4686,*,17850,17084,12725,10643,2082,4359,766,*,17867,13042,10993,2049,4825,*,*,19415,14139,12048,2091,5276,*
"대구","전산업",1319516,1038552,661197,465866,195331,377354,280965,1286724,1013656,642769,457016,185753,370887,273067,1469819,1144125,707087,506381,200706,437038,325694,1661888,1229915,749274,542358,206917,480640,431973
"대구","A.농업, 임업 및 어업(01~03)",*,421,421,383,38,-,*,*,423,*,380,*,*,*,*,511,*,410,*,*,*,671,671,671,537,134,-,-
"대구","B.광업(05~08)",*,*,40,40,-,*,-,609,609,*,40,*,*,-,749,749,*,30,*,*,-,*,*,27,27,-,*,-
"대구","C.제조업(10~34)",465551,307621,186380,102695,83685,121241,157930,416123,275446,164549,89987,74562,110897,140677,487268,312768,185059,102685,82374,127709,174500,572302,343078,197620,112698,84921,145458,229225
"대구","D.전기, 가스, 증기 및 공기 조절 공급업(35)",11672,911,911,503,408,-,10761,*,811,*,543,*,*,*,*,979,*,683,*,*,*,16595,1224,1224,893,331,-,15370
"대구","E.수도, 하수 및 폐기물 처리, 원료 재생업(36~39)",7613,7613,1975,934,1041,5638,-,*,6158,2042,915,1127,4116,*,*,8453,2112,1098,1014,6341,*,8853,8853,2176,1212,964,6677,-
"대구","F.건설업(41~42)",130154,109882,72578,45291,27287,37305,20272,131280,109276,73279,45988,27291,35996,22004,143352,119913,79008,50341,28667,40905,23439,164761,128302,85880,55065,30815,42423,36458
"대구","G.도매 및 소매업(45~47)",412346,368566,242085,195947,46139,126481,43780,414856,370596,244407,197971,46436,126190,44259,469229,419189,265303,216289,49014,153886,50040,505177,446721,273807,224859,48948,172914,58456
"대구","H.운수 및 창고업(49~52)",31947,30722,25043,20909,4134,5678,1225,31627,30944,24791,20905,3886,6153,683,*,34999,27095,22735,4360,7904,*,*,39613,30621,26902,3719,8992,*
"대구","I.숙박 및 음식점업(55~56)",*,52587,43791,36684,7107,8796,*,*,49164,42706,37148,5558,6458,*,*,54420,47207,41072,6135,7214,*,*,65015,54806,47551,7255,10209,*
"대구","J.정보통신업(58~63)",10059,9608,5885,2457,3428,3724,451,11670,11233,7183,2682,4502,4050,437,14460,13962,7591,3056,4534,6371,498,15697,14743,8143,3243,4900,6600,954
"대구","K.금융 및 보험업(64~66)",33991,5324,2375,1464,911,2948,28667,36363,4267,2224,1364,860,2044,32096,36089,3916,2376,1510,867,1540,32172,51202,4046,2490,1669,821,1556,47155
"대구","L.부동산업(68)",47661,37865,20856,19399,1457,17009,9795,64147,46561,23320,21554,1766,23240,17587,76806,49974,25571,23725,1846,24403,26832,76706,42367,22809,20911,1898,19558,34340
"대구","M.전문, 과학 및 기술 서비스업(70~73)",*,20120,15334,7986,7348,4786,*,22882,22850,16532,8726,7807,6318,32,27546,26805,18331,9933,8398,8474,740,29898,28728,19512,10830,8682,9216,1169
"대구","N.사업시설 관리, 사업 지원 및 임대 서비스업(74~76)",24216,21223,9673,5129,4544,11550,2993,24987,21952,9463,4777,4687,12489,3035,28858,25580,10826,5578,5248,14754,3278,31638,26611,11689,6081,5607,14923,5027
"대구","P.교육 서비스업(85)",9273,9273,6826,5737,1089,2447,-,8231,8231,5968,4929,1040,2262,-,10671,10671,8115,6745,1370,2556,-,11688,11688,8828,7470,1358,2859,-
"대구","Q.보건업 및 사회복지 서비스업(86~87)",38243,38243,13261,9022,4238,24982,-,38493,38493,12329,8473,3856,26164,-,*,43647,13472,9387,4086,30175,*,*,*,14073,9860,4213,*,*
"대구","R.예술, 스포츠 및 여가관련 서비스업(90~91)",*,*,4662,3815,847,*,*,*,4503,3936,3278,659,567,*,*,4864,4277,3403,874,587,*,*,6176,5208,4335,873,967,*
"대구","S.협회 및 단체, 수리 및 기타 개인 서비스업(94~96)",*,12694,9102,7471,1632,3591,*,*,12139,8764,7357,1407,3375,*,12807,12724,9224,7700,1525,3500,83,13943,13808,9690,8214,1477,4118,134
"인천","전산업",2173929,1361499,822379,555699,266680,539120,812430,2165567,1389108,832387,561403,270984,556722,776459,2490995,1580478,928671,633613,295059,651807,910517,2854816,1732782,993789,696147,297642,738992,1122034
"인천","A.농업, 임업 및 어업(01~03)",*,*,3236,2755,481,*,-,*,3779,*,2972,*,*,*,4209,4209,3644,3068,576,565,-,4429,4429,3793,3250,543,636,-
"인천","B.광업(05~08)",*,*,190,112,77,*,-,1337,1337,*,85,*,*,-,*,1328,304,134,169,1024,*,1073,1073,223,*,*,850,-
"인천","C.제조업(10~34)",1034525,429896,251333,117294,134039,178564,604629,990906,423910,247976,114153,133823,175933,566997,1147826,480867,276157,130985,145172,204710,666959,1345958,517163,288746,141815,146931,228417,828795
"인천","D.전기, 가스, 증기 및 공기 조절 공급업(35)",10225,2046,365,218,147,1681,8179,9047,1887,*,178,*,*,7160,9990,2466,374,199,175,2092,7523,15468,2838,605,384,221,2233,12631
"인천","E.수도, 하수 및 폐기물 처리, 원료 재생업(36~39)",17453,12898,3409,1549,1860,9489,4555,18698,14779,3715,1749,1967,11063,3919,25221,18592,4226,2025,2201,14365,6630,27501,19247,4434,2271,2163,14814,8254
"인천","F.건설업(41~42)",200915,150104,93745,62944,30801,56359,50811,214123,155142,96425,65317,31108,58717,58980,230900,170724,108081,74679,33402,62643,60176,252150,188135,116848,82830,34019,71286,64015
"인천","G.도매 및 소매업(45~47)",491040,441388,262271,211061,51210,179117,49652,513532,452544,265146,213081,52066,187397,60988,584711,514983,293752,235682,58070,221231,69728,637127,569638,308844,253053,55791,260795,67489
"인천","H.운수 및 창고업(49~52)",120049,72448,53427,42256,11172,19020,47601,102058,74921,56100,41487,14612,18821,27138,116409,87248,62266,46535,15731,24982,29161,136922,100029,69478,54632,14846,30551,36893
"인천","I.숙박 및 음식점업(55~56)",70057,66044,54716,45998,8718,11328,4013,67584,64401,55048,47858,7190,9354,3183,72561,69255,59215,51649,7566,10040,3306,89752,85932,71366,62662,8705,14565,3821
"인천","J.정보통신업(58~63)",12520,10220,6252,3548,2704,3968,2300,13686,11172,7313,4085,3228,3859,2515,15950,13084,8909,5017,3892,4176,2866,22349,16179,10713,6399,4314,5466,6170
"인천","K.금융 및 보험업(64~66)",7645,5343,3093,2216,878,2250,2301,7484,4366,3064,1914,1150,1302,3118,8655,4082,3367,2226,1141,715,4573,8998,4335,3501,2281,1220,834,4663
"인천","L.부동산업(68)",70462,52618,23888,21819,2069,28730,17844,88396,63612,26938,24489,2450,36673,24784,116162,77752,32571,29925,2646,45181,38410,119564,69402,30944,27976,2968,38458,50162
"인천","M.전문, 과학 및 기술 서비스업(70~73)",34201,21347,15234,8137,7097,6112,12854,31690,24887,16996,9381,7615,7891,6803,36725,29972,20498,11592,8907,9474,6752,50252,33021,22460,12964,9496,10561,17230
"인천","N.사업시설 관리, 사업 지원 및 임대 서비스업(74~76)",*,25121,13310,6820,6490,11812,*,31089,24802,13947,7352,6595,10855,6286,39243,29308,15938,9097,6841,13369,9935,49047,32755,17397,10040,7357,15358,16292
"인천","P.교육 서비스업(85)",*,9468,7471,6684,787,1997,*,*,9386,6729,6033,696,2657,*,*,11924,9175,8145,1030,2749,*,*,13662,10486,9385,1101,3176,*
"인천","Q.보건업 및 사회복지 서비스업(86~87)",*,33348,12878,7708,5170,20470,*,*,34512,12094,7237,4856,22418,*,*,38678,12628,7732,4896,26051,*,*,43915,13396,*,*,30519,*
"인천","R.예술, 스포츠 및 여가관련 서비스업(90~91)",14528,8088,6537,5591,947,1550,6440,10317,6802,5370,4738,632,1432,3515,10772,7435,5614,4780,834,1821,3337,14259,9729,7518,6435,1084,2210,4531
"인천","S.협회 및 단체, 수리 및 기타 개인 서비스업(94~96)",*,17155,11024,8991,2033,6131,*,*,16870,11285,9294,1991,5585,*,18571,18571,11951,10142,1809,6619,-,21300,21300,13038,11311,1727,8263,-
"광주","전산업",902810,668546,387143,271867,115276,281403,234263,918700,672532,391717,277307,114409,280816,246168,1058178,748000,428965,305548,123417,319035,310179,1154912,790364,449419,325863,123556,340946,364548
"광주","A.농업, 임업 및 어업(01~03)",*,*,644,493,151,*,-,*,1003,*,722,*,*,*,1068,1068,*,710,*,*,-,*,*,1026,*,*,*,-
"광주","B.광업(05~08)",197,197,197,*,*,-,-,122,122,*,121,*,*,-,95,95,95,95,-,-,-,182,182,182,182,-,-,-
"광주","C.제조업(10~34)",231364,135467,68362,35489,32873,67105,95897,227501,128025,67023,34109,32913,61003,99475,267687,146671,75965,39496,36469,70705,121016,305913,153882,76863,41175,35687,77020,152031
"광주","D.전기, 가스, 증기 및 공기 조절 공급업(35)",8348,*,1901,1303,598,*,*,8301,2493,*,1606,*,*,5809,8554,2517,*,1977,*,*,6037,*,*,*,*,*,*,*
"광주","E.수도, 하수 및 폐기물 처리, 원료 재생업(36~39)",3578,3578,1275,608,668,2302,-,*,3953,1185,574,612,2767,*,*,5579,1397,615,782,4182,*,*,*,*,*,749,4034,*
"광주","F.건설업(41~42)",175868,122954,63985,38775,25210,58969,52914,172424,120671,65128,40702,24425,55543,51753,202698,132274,70665,44701,25964,61609,70424,225354,142623,75708,48505,27203,66916,82730
"광주","G.도매 및 소매업(45~47)",254024,234234,147839,116461,31378,86394,19790,263160,238393,150601,118017,32584,87792,24767,288496,257661,160055,126669,33386,97607,30835,299129,267246,163259,131472,31787,103987,31882
"광주","H.운수 및 창고업(49~52)",*,22928,17662,14393,3270,5265,*,25382,24613,18008,14889,3119,6605,769,29347,26858,20049,16272,3777,6809,2489,33117,30209,22285,18711,3574,7925,2907
"광주","I.숙박 및 음식점업(55~56)",*,35800,29473,*,*,6327,*,*,33859,28727,25380,3347,5132,*,38509,35856,31122,27270,3852,4734,2653,44725,41933,36035,31672,4363,5898,2792
"광주","J.정보통신업(58~63)",8691,5446,3085,1209,1876,2361,3245,8627,6290,3443,1368,2075,2847,2336,9904,7627,4255,1717,2538,3371,2278,10767,8596,4979,1938,3041,3618,2170
"광주","K.금융 및 보험업(64~66)",15469,3247,1858,1314,543,1389,12222,16387,3936,1884,1264,620,2052,12450,18101,3477,2067,1428,639,1410,14624,22324,3573,2039,1515,525,1533,18751
"광주","L.부동산업(68)",64806,25663,12067,10798,1268,13597,39143,74264,30855,13416,12150,1265,17439,43409,93266,39304,16177,14656,1521,23128,53962,91980,36308,15342,13721,1621,20966,55671
"광주","M.전문, 과학 및 기술 서비스업(70~73)",*,14084,10234,5563,4670,3850,*,*,16085,11528,6236,5292,4557,*,*,18601,13097,7500,5597,5504,*,*,19839,13941,7851,6090,5897,*
"광주","N.사업시설 관리, 사업 지원 및 임대 서비스업(74~76)",15649,12480,6918,3305,3613,5562,3169,*,12087,6922,3456,3466,5166,*,*,15037,7887,4190,3697,7150,*,21766,15616,8769,5015,3755,6847,6150
"광주","P.교육 서비스업(85)",5800,5800,4749,4184,565,1051,-,*,5713,4718,4146,572,995,*,6854,6854,5665,4925,740,1190,-,7153,7153,5837,5201,636,1316,-
"광주","Q.보건업 및 사회복지 서비스업(86~87)",30487,30487,7558,5002,2557,22929,-,30917,30917,7346,4839,2508,23571,-,33811,33811,7751,5111,2640,26059,-,36454,36454,8019,5431,2587,28435,-
"광주","R.예술, 스포츠 및 여가관련 서비스업(90~91)",*,3732,2972,2487,485,760,*,*,3241,2524,2116,408,717,*,*,3632,2811,2303,508,821,*,*,4588,3328,2685,643,1261,*
"광주","S.협회 및 단체, 수리 및 기타 개인 서비스업(94~96)",*,9355,6364,5310,1054,2991,*,10275,10275,6546,5613,933,3729,-,11078,11078,6908,5913,995,4170,-,12093,12093,7366,6473,894,4727,-
"대전","전산업",981757,552214,355495,245021,110474,196719,429543,993774,571593,365578,253349,112229,206015,422181,889139,636223,397183,280682,116501,239041,252915,975695,683710,422675,304308,118367,261036,291985
"대전","A.농업, 임업 및 어업(01~03)",398,398,398,265,133,-,-,*,615,*,336,*,*,*,*,637,*,360,*,*,*,*,*,*,*,*,*,-
"대전","B.광업(05~08)",95,95,95,*,*,-,-,78,78,*,46,*,*,-,38,38,*,38,*,*,-,80,80,80,80,-,-,-
"대전","C.제조업(10~34)",225757,96130,57104,29067,28037,39026,129627,234712,99729,55833,28967,26865,43896,134983,251375,110604,61303,33425,27877,49302,140771,265570,117309,65697,35997,29700,51612,148261
"대전","D.전기, 가스, 증기 및 공기 조절 공급업(35)",*,*,501,334,167,*,*,6185,1015,*,336,*,*,5170,6161,1078,*,342,*,*,5083,8834,1818,*,507,*,*,7016
"대전","E.수도, 하수 및 폐기물 처리, 원료 재생업(36~39)",*,*,792,*,*,*,*,*,2530,918,510,408,1612,*,*,2771,962,497,465,1809,*,2948,2948,1017,598,419,1931,-
"대전","F.건설업(41~42)",323113,87373,53948,31080,22867,33425,235740,305706,88148,56831,32263,24568,31317,217559,125171,95010,60020,34515,25505,34990,30161,137362,103455,63499,39495,24004,39956,33907
"대전","G.도매 및 소매업(45~47)",229250,206878,139106,108984,30123,67772,22372,231999,211445,143038,112638,30399,68408,20554,258038,236823,153492,123379,30113,83331,21215,279771,251527,159281,129306,29976,92246,28244
"대전","H.운수 및 창고업(49~52)",19276,19276,14719,12196,2523,4557,-,*,19548,15276,12626,2650,4272,*,23425,23425,18162,14822,3340,5264,-,26267,26267,20591,17392,3199,5676,-
"대전","I.숙박 및 음식점업(55~56)",39000,36921,30873,25064,5809,6048,2079,36528,34823,30059,25249,4811,4763,1706,*,37931,32358,27371,4987,5573,*,*,44961,37792,31998,5794,7168,*
"대전","J.정보통신업(58~63)",17786,*,7803,2497,5306,*,*,20369,15830,9078,2778,6300,6752,4539,22724,17235,10726,3474,7252,6509,5488,25898,19979,11967,4316,7651,8012,5919
"대전","K.금융 및 보험업(64~66)",10930,*,1587,1024,563,*,*,12359,1950,*,1058,*,*,10409,16958,2607,1812,1295,516,795,14351,19098,2090,1647,1254,393,443,17008
"대전","L.부동산업(68)",23279,15546,10073,9150,922,5473,7734,33696,21288,12644,11489,1155,8644,12408,42492,24856,13730,12610,1120,11126,17636,46196,20817,12507,11270,1237,8310,25379
"대전","M.전문, 과학 및 기술 서비스업(70~73)",19687,17358,10521,5221,5300,6838,2329,22764,20262,11837,5765,6072,8424,2502,26884,23224,13601,7045,6555,9624,3659,34431,24667,14443,7629,6814,10224,9764
"대전","N.사업시설 관리, 사업 지원 및 임대 서비스업(74~76)",23839,13634,6872,3376,3496,6762,10205,24392,14753,7095,3404,3691,7658,9639,26169,16410,7755,3983,3772,8655,9759,29385,19003,8800,4791,4009,10203,10382
"대전","P.교육 서비스업(85)",5265,5265,4003,3442,561,1261,-,5079,5079,3806,3337,469,1273,-,6324,6324,5065,4282,783,1259,-,6700,6700,5418,4659,759,1282,-
"대전","Q.보건업 및 사회복지 서비스업(86~87)",22139,22139,7767,5099,2668,14372,-,22438,22438,7492,4942,2550,14947,-,24538,24538,7789,5235,2553,16749,-,27015,27015,8183,5521,2663,18832,-
"대전","R.예술, 스포츠 및 여가관련 서비스업(90~91)",*,*,3085,2654,432,*,*,*,3034,2850,2332,518,184,*,*,3136,2762,2325,437,374,*,*,*,*,*,*,518,*
"대전","S.협회 및 단체, 수리 및 기타 개인 서비스업(94~96)",*,9159,6248,5175,1073,2911,*,*,9028,6330,5273,1056,2698,*,*,9575,6670,5682,988,2905,*,*,10626,7310,6280,1030,3316,*
"울산","전산업",899236,445245,279694,177925,101769,165551,453991,901861,437140,273878,176802,97076,163262,464722,1029915,479068,293405,188711,104694,185663,550848,1205428,527821,321602,209368,112234,206220,677607
"울산","A.농업, 임업 및 어업(01~03)",*,*,1381,862,519,*,-,1349,1349,*,753,*,*,-,1481,1481,*,842,*,*,-,1592,1592,1592,940,652,-,-
"울산","B.광업(05~08)",*,*,235,*,*,*,-,361,361,*,65,*,*,-,419,419,*,61,*,*,-,*,*,205,60,146,*,-
"울산","C.제조업(10~34)",504723,151315,80747,30833,49914,70568,353408,516949,142428,75144,29997,45147,67284,374521,611715,159829,79018,30532,48486,80811,451886,715435,174460,87672,35095,52576,86789,540975
"울산","D.전기, 가스, 증기 및 공기 조절 공급업(35)",*,*,468,237,231,*,*,*,396,*,156,*,*,*,*,447,*,206,*,*,*,*,*,*,*,*,*,*
"울산","E.수도, 하수 및 폐기물 처리, 원료 재생업(36~39)",5552,4557,1502,555,947,3055,996,*,4791,1500,516,984,3291,*,*,5167,1592,585,1007,3574,*,6842,6361,1768,663,1105,4593,482
"울산","F.건설업(41~42)",72923,63149,39855,23219,16636,23294,9774,71291,62865,39390,23520,15870,23475,8427,*,64727,42056,25069,16987,22671,*,*,*,45617,27245,18372,*,*
"울산","G.도매 및 소매업(45~47)",116278,111169,77844,62625,15219,33325,5109,123275,111741,77666,62883,14783,34075,11534,132934,123390,83429,68221,15208,39961,9544,138737,132983,89724,73056,16668,43259,5755
"울산","H.운수 및 창고업(49~52)",30990,26905,19458,15174,4284,7447,4086,30130,27050,19651,14227,5424,7399,3080,33144,29516,21514,15017,6498,8002,3628,38750,34715,24253,18196,6058,10461,4035
"울산","I.숙박 및 음식점업(55~56)",*,25167,22663,*,*,2505,*,*,24211,22268,19682,2586,1942,*,*,25620,23639,20708,2932,1981,*,*,31010,28228,24740,3487,2782,*
"울산","J.정보통신업(58~63)",*,3141,1409,484,925,1732,*,*,3838,1853,613,1240,1985,*,*,4670,2200,710,1490,2470,*,*,4407,2570,871,1699,1837,*
"울산","K.금융 및 보험업(64~66)",*,*,471,396,76,*,-,618,618,*,414,*,*,-,*,697,*,491,*,*,*,607,*,554,447,107,*,*
"울산","L.부동산업(68)",14872,11567,6743,6343,400,4825,3305,16125,12183,7690,7231,459,4493,3942,16801,13527,8895,8368,527,4632,3274,14661,12621,7940,7531,409,4680,2040
"울산","M.전문, 과학 및 기술 서비스업(70~73)",11467,9264,6303,3161,3143,2960,2203,14555,9625,6668,3109,3559,2957,4930,15569,10427,7185,3260,3925,3241,5142,14000,11895,7971,3737,4234,3924,2106
"울산","N.사업시설 관리, 사업 지원 및 임대 서비스업(74~76)",11188,10993,5846,2636,3209,5147,195,12633,11222,5650,2493,3158,5572,1411,13691,12195,6136,2689,3448,6059,1496,14112,12816,6776,3273,3503,6040,1296
"울산","P.교육 서비스업(85)",*,3639,3318,3001,318,320,*,3344,3344,3053,2749,304,291,-,4193,4193,3748,3334,414,445,-,4609,4609,4090,3662,429,519,-
"울산","Q.보건업 및 사회복지 서비스업(86~87)",12506,12506,4879,3451,1428,7627,-,12648,12648,4689,3235,1454,7959,-,13994,13994,4897,3343,1554,9097,-,15204,15204,5184,3614,1570,10019,-
"울산","R.예술, 스포츠 및 여가관련 서비스업(90~91)",2454,2454,2105,1829,275,350,-,*,2093,1795,1567,228,299,*,2683,2192,1862,1608,254,330,491,3121,*,*,*,*,*,*
"울산","S.협회 및 단체, 수리 및 기타 개인 서비스업(94~96)",*,6360,4467,3646,821,1893,*,*,6377,4403,3592,811,1973,*,*,6579,4414,3668,746,2165,*,*,7110,4740,3989,751,2370,*
"세종","전산업",191477,95893,56105,37654,18451,39788,95584,165725,101709,60566,41396,19170,41144,64015,195572,119990,70295,48151,22144,49695,75582,212970,132990,76285,53496,22789,56706,79980
"세종","A.농업, 임업 및 어업(01~03)",*,*,1140,923,217,*,-,1801,1801,*,1040,*,*,-,2565,2565,1517,1159,358,1048,-,2612,2612,1544,1193,351,1068,-
"세종","B.광업(05~08)",*,*,*,97,*,*,*,289,289,*,*,*,*,-,378,378,*,93,*,*,-,312,312,*,*,*,*,-
"세종","C.제조업(10~34)",90710,25734,11840,4989,6851,13894,64976,62099,24808,11168,4847,6321,13641,37291,74422,29850,12625,5036,7589,17225,44573,82791,33938,13829,5915,7914,20109,48853
"세종","D.전기, 가스, 증기 및 공기 조절 공급업(35)",*,177,177,177,-,-,*,*,341,*,98,*,*,*,*,222,*,209,*,*,*,*,333,333,*,*,-,*
"세종","E.수도, 하수 및 폐기물 처리, 원료 재생업(36~39)",*,1298,359,173,185,939,*,*,1198,*,*,191,*,*,*,1207,379,197,182,828,*,*,*,*,*,175,*,*
"세종","F.건설업(41~42)",21637,15680,9543,5202,4341,6137,5957,*,15311,9967,5775,4192,5344,*,*,17997,11077,6705,4371,6920,*,*,19561,11712,7665,4047,7849,*
"세종","G.도매 및 소매업(45~47)",27904,21181,14182,11525,2657,6999,6723,32639,22941,15133,12224,2910,7808,9698,37113,26853,17790,14436,3354,9063,10260,42989,32121,20010,15843,4167,12112,10867
"세종","H.운수 및 창고업(49~52)",2819,2819,2212,1913,300,607,-,3097,3097,2450,1897,553,647,-,3283,3283,*,2165,*,*,-,*,3857,3009,2705,304,848,*
"세종","I.숙박 및 음식점업(55~56)",6523,6523,5898,4790,1108,625,-,6899,6899,6338,5289,1049,560,-,8166,8166,7388,5951,1437,778,-,9450,9450,8385,7020,1364,1065,-
"세종","J.정보통신업(58~63)",1004,1004,684,383,300,321,-,1450,1450,1154,538,616,296,-,*,1991,1605,741,864,386,*,2658,2658,2040,943,1097,618,-
"세종","K.금융 및 보험업(64~66)",194,194,*,92,*,*,-,682,682,*,203,*,*,-,*,295,*,283,*,*,*,710,336,336,286,49,-,374
"세종","L.부동산업(68)",20123,9105,3091,2872,219,6014,11019,18160,11084,4668,4476,192,6415,7077,20805,12060,5262,4954,308,6798,8745,13781,8751,4406,4055,351,4345,5031
"세종","M.전문, 과학 및 기술 서비스업(70~73)",*,2207,1588,888,700,619,*,*,2532,1890,1116,774,642,*,3704,3704,2499,1493,1007,1204,-,3880,3880,2736,1655,1081,1143,-
"세종","N.사업시설 관리, 사업 지원 및 임대 서비스업(74~76)",1846,1846,1164,574,590,682,-,2212,2212,1241,518,724,971,-,2464,2464,1468,712,756,996,-,3584,3584,1603,954,650,1981,-
"세종","P.교육 서비스업(85)",1314,1314,1176,1061,115,138,-,1471,1471,1281,1144,136,190,-,2250,2250,1921,1710,211,329,-,2678,2678,2302,2062,240,376,-
"세종","Q.보건업 및 사회복지 서비스업(86~87)",2951,2951,1324,738,586,1627,-,3259,3259,1325,757,569,1933,-,3974,3974,1407,865,543,2567,-,4716,4716,1500,926,574,3215,-
"세종","R.예술, 스포츠 및 여가관련 서비스업(90~91)",*,*,558,437,120,*,-,*,909,492,400,92,417,*,*,1115,601,481,120,515,*,*,*,*,*,*,*,*
"세종","S.협회 및 단체, 수리 및 기타 개인 서비스업(94~96)",1393,1393,908,818,90,485,-,1426,1426,997,868,129,429,-,1614,1614,1133,961,172,481,-,1723,1723,1240,1132,108,483,-
"경기","전산업",12640445,7221831,4260825,2803053,1457771,2961007,5418614,13169922,7486084,4389612,2889443,1500169,3096472,5683838,15216759,8539745,4915997,3301685,1614312,3623748,6677014,16798850,9397227,5284451,3615790,1668661,4112775,7401623
"경기","A.농업, 임업 및 어업(01~03)",*,38641,32766,24743,8023,5875,*,47248,40280,34176,25330,8846,6105,6967,52940,45930,37676,28271,9405,8254,7010,58196,50747,40661,30351,10310,10087,7448
"경기","B.광업(05~08)",*,3939,917,364,553,3021,*,4300,3316,801,210,590,2515,984,*,3858,951,367,584,2907,*,*,4106,894,354,541,3211,*
"경기","C.제조업(10~34)",6204003,2529840,1466510,718747,747763,1063330,3674163,6420634,2521707,1452834,690751,762083,1068873,3898927,7450719,2797203,1616656,800485,816171,1180547,4653516,8075005,3030367,1711597,859526,852071,1318770,5044638
"경기","D.전기, 가스, 증기 및 공기 조절 공급업(35)",74943,4962,2603,1759,844,2359,69981,66665,4097,*,2370,*,*,62568,85670,4948,3351,2651,701,1597,80722,162660,8464,5117,4255,863,3347,154196
"경기","E.수도, 하수 및 폐기물 처리, 원료 재생업(36~39)",75849,57643,17073,7696,9377,40570,18206,*,56523,16305,7561,8744,40218,*,88150,70779,17763,8587,9176,53016,17372,95191,75915,18313,9458,8854,57603,19276
"경기","F.건설업(41~42)",990390,720884,465436,305926,159510,255448,269506,*,722321,475934,315497,160437,246387,*,1093555,831259,541631,371064,170567,289628,262296,1240570,935905,596097,420413,175684,339807,304665
"경기","G.도매 및 소매업(45~47)",2895302,2342720,1290299,994538,295761,1052421,552582,3024655,2481801,1354699,1042514,312185,1127102,542854,3481333,2857304,1498872,1165376,333496,1358432,624029,3824598,3119572,1578057,1248539,329518,1541514,705027
"경기","H.운수 및 창고업(49~52)",301989,236587,181763,143712,38051,54824,65402,325290,257339,191717,149619,42097,65622,67951,368511,288390,215289,167380,47910,73101,80121,434270,339538,247009,196049,50960,92529,94732
"경기","I.숙박 및 음식점업(55~56)",347511,306478,253038,209755,43283,53440,41033,363437,305110,257324,219229,38095,47786,58327,391408,330901,277694,237783,39911,53207,60507,472983,400700,328708,284792,43916,71992,72283
"경기","J.정보통신업(58~63)",446209,104636,56281,28558,27723,48356,341572,474433,117358,64259,33227,31032,53099,357075,527379,138545,79291,42244,37047,59254,388834,591477,161617,90282,49915,40366,71335,429861
"경기","K.금융 및 보험업(64~66)",64875,17668,10794,7803,2991,6875,47207,*,18297,*,8385,*,*,*,113644,21588,13711,9758,3954,7877,92056,123228,20825,13489,10152,3337,7336,102403
"경기","L.부동산업(68)",468900,259579,139904,128646,11259,119675,209321,522183,310565,169885,156825,13059,140681,211618,619650,396234,200969,186360,14609,195265,223417,632471,379372,189541,175711,13830,189831,253099
"경기","M.전문, 과학 및 기술 서비스업(70~73)",175036,141289,90920,50632,40288,50370,33746,217454,172245,107021,60952,46069,65224,45209,270243,205586,128573,76621,51952,77013,64657,317711,234434,141446,87133,54313,92988,83277
"경기","N.사업시설 관리, 사업 지원 및 임대 서비스업(74~76)",190845,127940,70746,37437,33309,57194,62905,204307,144515,76962,40235,36727,67553,59792,254977,165523,85918,47389,38529,79605,89453,288196,195670,97853,56823,41030,97817,92526
"경기","P.교육 서비스업(85)",52619,51969,38829,34773,4055,13141,649,*,49144,35174,31472,3702,13971,*,*,63923,47577,42581,4995,16346,*,*,74077,55374,49937,5437,18703,*
"경기","Q.보건업 및 사회복지 서비스업(86~87)",149730,148171,57111,35926,21185,91061,1559,*,153520,54389,34411,19978,99132,*,177047,173160,58939,37329,21609,114222,3887,201861,197538,62550,40450,22100,134988,4323
"경기","R.예술, 스포츠 및 여가관련 서비스업(90~91)",55639,49054,32961,27914,5047,16093,6584,51435,44151,28521,24341,4180,15631,7283,60469,52250,31574,26328,5247,20676,8219,74303,65235,41430,34643,6787,23805,9068
"경기","S.협회 및 단체, 수리 및 기타 개인 서비스업(94~96)",98146,79829,52875,44126,8749,26955,18316,*,83794,54731,46513,8218,29063,*,111907,92363,59562,51112,8450,32800,19544,126868,103144,66031,57289,8743,37113,23724
"강원","전산업",590277,485872,345730,241593,104137,140142,104405,579648,494188,352694,250138,102556,141494,85460,649948,550032,389299,275941,113358,160733,99916,734519,607800,418046,302541,115506,189754,126719
"강원","A.농업, 임업 및 어업(01~03)",11673,11378,10113,7948,2165,1266,294,12096,11752,10667,8250,2417,1085,344,13973,13855,12228,9196,3031,1627,119,15323,15188,12680,9260,3420,2509,134
"강원","B.광업(05~08)",6245,*,*,*,*,*,*,*,4424,*,925,*,*,*,6901,4480,2018,837,1182,2462,2421,7149,4691,1968,874,1093,2724,2457
"강원","C.제조업(10~34)",118745,90720,52662,24231,28432,38058,28025,115515,85850,52373,24603,27771,33477,29665,126367,94230,56735,26113,30622,37496,32136,141475,103060,59584,28837,30748,43475,38416
"강원","D.전기, 가스, 증기 및 공기 조절 공급업(35)",15526,2852,1663,1395,268,1189,12674,14506,2764,*,1692,*,*,11741,17577,3857,2973,2771,202,884,13721,26019,6500,4459,4299,160,2041,19519
"강원","E.수도, 하수 및 폐기물 처리, 원료 재생업(36~39)",*,*,*,*,*,*,*,*,4638,2791,917,1873,1848,*,*,5496,3175,1050,2125,2321,*,*,*,3044,1041,2003,*,*
"강원","F.건설업(41~42)",96059,88494,70949,42686,28263,17545,7565,*,89656,72745,45223,27521,16911,*,*,98396,81186,50889,30296,17210,*,110310,103160,83663,53347,30317,19497,7149
"강원","G.도매 및 소매업(45~47)",158492,155378,112455,90936,21518,42923,3115,166684,160596,114816,93340,21476,45780,6088,185012,178811,124492,101629,22863,54319,6201,200047,194555,130674,107234,23440,63880,5492
"강원","H.운수 및 창고업(49~52)",19790,17510,13176,10888,2288,4334,2280,19327,16958,13522,11036,2487,3436,2369,20369,18581,15046,11792,3254,3535,1788,24073,22086,17483,14672,2811,4603,1987
"강원","I.숙박 및 음식점업(55~56)",57974,46047,39611,34027,5584,6436,11927,*,46269,39794,35274,4521,6475,*,62338,50953,43452,38159,5293,7501,11385,77809,63233,52631,46580,6051,10602,14577
"강원","J.정보통신업(58~63)",6093,3147,1982,848,1134,1165,2946,*,3153,2042,885,1158,1111,*,7480,3943,2641,1399,1243,1301,3537,8001,4577,2849,1377,1472,1728,3424
"강원","K.금융 및 보험업(64~66)",1001,1001,1001,780,221,-,-,*,1039,*,661,*,*,*,*,1786,917,793,124,869,*,*,1315,949,815,134,367,*
"강원","L.부동산업(68)",23415,12192,6449,5976,474,5743,11223,23353,15463,7545,7157,387,7918,7890,26366,17167,9566,8798,769,7600,9199,29669,17269,9115,8568,547,8155,12400
"강원","M.전문, 과학 및 기술 서비스업(70~73)",10632,10221,7594,3675,3918,2628,410,12847,11946,8589,3992,4596,3358,901,13777,13740,9665,4557,5108,4075,37,14624,14584,10399,5044,5355,4185,40
"강원","N.사업시설 관리, 사업 지원 및 임대 서비스업(74~76)",12798,8734,5559,2741,2817,3176,4063,12503,9240,5620,2761,2859,3620,3263,14923,10541,6253,3083,3170,4288,4382,17899,12637,7672,4130,3543,4965,5262
"강원","P.교육 서비스업(85)",*,3102,2801,2440,361,301,*,*,2865,2590,2189,401,275,*,*,3594,3264,2820,444,330,*,*,*,3646,3142,504,*,*
"강원","Q.보건업 및 사회복지 서비스업(86~87)",12989,12989,6001,3915,2086,6988,-,13443,13443,5921,3905,2015,7523,-,15167,15167,6097,4106,1991,9070,-,16646,16646,6223,4222,2000,10423,-
"강원","R.예술, 스포츠 및 여가관련 서비스업(90~91)",23107,5741,2895,2376,519,2846,17366,*,5992,2639,2162,476,3353,*,17318,6794,2948,2393,555,3845,10525,23107,8427,3708,2893,815,4720,14679
"강원","S.협회 및 단체, 수리 및 기타 개인 서비스업(94~96)",*,7951,6138,5071,1067,1813,*,*,8139,6191,5166,1026,1948,*,*,8642,6643,5557,1086,1999,*,*,9622,7300,6207,1093,2322,*
"충북","전산업",1078448,795784,466398,302927,163471,329386,282664,1109520,810637,475637,306034,169603,335000,298884,1287963,912723,527286,344186,183101,385437,375240,1459373,1011881,573783,381589,192194,438098,447492
"충북","A.농업, 임업 및 어업(01~03)",12131,11148,8995,6166,2829,2153,983,13227,12289,9184,6260,2924,3106,938,16667,14501,10936,7137,3799,3565,2166,18779,16085,11531,7704,3827,4555,2694
"충북","B.광업(05~08)",2303,2303,*,560,*,*,-,*,2602,*,646,*,*,*,*,2806,*,593,*,*,*,3216,3216,1508,778,730,1708,-
"충북","C.제조업(10~34)",547314,310616,142814,61292,81522,167802,236698,554520,319676,145462,60869,84593,174214,234844,653168,355910,161385,69453,91933,194525,297257,747700,391388,173485,77401,96084,217903,356312
"충북","D.전기, 가스, 증기 및 공기 조절 공급업(35)",7367,*,1183,954,230,*,*,7339,2363,*,1184,*,*,4975,8470,2929,*,1566,*,*,5541,14403,3895,2848,2685,162,1047,10508
"충북","E.수도, 하수 및 폐기물 처리, 원료 재생업(36~39)",10438,9584,2966,1250,1717,6617,855,12699,11825,3378,1389,1990,8446,874,15863,13372,3786,1685,2101,9586,2490,*,*,3814,1688,2125,*,*
"충북","F.건설업(41~42)",111320,101188,70861,43876,26985,30327,10131,108921,95643,71170,43033,28137,24473,13278,121988,106250,76918,48070,28848,29332,15738,135565,119334,85139,52982,32157,34195,16231
"충북","G.도매 및 소매업(45~47)",213077,202455,132189,106842,25347,70266,10622,229185,207432,133967,108310,25657,73465,21753,258122,235535,147541,120661,26880,87994,22587,285098,257140,157378,130253,27125,99762,27958
"충북","H.운수 및 창고업(49~52)",35369,33045,25929,21920,4009,7116,2323,36140,33813,26125,21465,4660,7688,2326,40482,37914,29644,24407,5237,8270,2569,43806,42823,33514,28156,5358,9309,984
"충북","I.숙박 및 음식점업(55~56)",*,37546,33171,28689,4482,4375,*,*,36669,33153,29451,3702,3516,*,42660,40622,36352,32315,4037,4270,2038,52073,49146,43066,38542,4525,6080,2927
"충북","J.정보통신업(58~63)",*,*,*,890,*,*,*,*,3216,2234,1071,1163,983,*,3996,3733,2657,1316,1342,1076,263,*,*,3048,1467,1580,*,*
"충북","K.금융 및 보험업(64~66)",3695,2094,912,583,328,1182,1601,3656,1810,*,639,*,*,1847,4005,1883,*,753,*,*,2122,6058,2222,1042,811,231,1180,3836
"충북","L.부동산업(68)",22471,16005,7950,7390,561,8054,6467,25292,15345,10068,9324,744,5277,9947,35622,19371,11768,10998,771,7603,16251,40388,22565,11118,10283,835,11447,17822
"충북","M.전문, 과학 및 기술 서비스업(70~73)",*,13196,7703,3578,4126,5492,*,15198,14469,9041,4019,5021,5428,729,18026,16748,10402,4720,5682,6346,1278,18899,18179,11259,5382,5877,6920,720
"충북","N.사업시설 관리, 사업 지원 및 임대 서비스업(74~76)",21293,16567,9507,4066,5442,7060,4726,23757,18064,9897,4182,5715,8167,5693,25175,20324,11219,4719,6500,9105,4851,28114,22369,13014,5808,7207,9355,5745
"충북","P.교육 서비스업(85)",3983,3983,3287,2862,425,696,-,3575,3575,3033,2600,433,541,-,4569,4569,3972,3429,543,597,-,4976,4976,4394,3787,608,582,-
"충북","Q.보건업 및 사회복지 서비스업(86~87)",16364,16364,6501,4041,2460,9863,-,16627,16627,6185,3838,2347,10442,-,18767,18767,6491,4102,2389,12276,-,20831,20831,6702,4344,2358,14129,-
"충북","R.예술, 스포츠 및 여가관련 서비스업(90~91)",*,5638,2981,2665,316,2658,*,*,6152,2638,2336,302,3514,*,7687,7687,2741,2437,304,4946,-,8981,8981,3397,3071,326,5584,-
"충북","S.협회 및 단체, 수리 및 기타 개인 서비스업(94~96)",*,8963,6519,5305,1213,2444,*,*,9068,6606,5418,1189,2461,*,*,9801,7075,5826,1249,2726,*,*,10949,7526,6448,1078,3422,*
"충남","전산업",2002297,1031467,620359,403061,217298,411109,970830,1918065,1060446,635540,414650,220890,424906,857619,2299687,1195475,704352,467667,236685,491123,1104212,2839193,1329096,767501,519798,247703,561595,1510097
"충남","A.농업, 임업 및 어업(01~03)",35187,33229,29056,20695,8360,4174,1958,39384,37000,31266,21539,9727,5734,2384,45814,43222,34690,24383,10306,8533,2592,49399,46338,37392,26230,11162,8946,3061
"충남","B.광업(05~08)",2524,2524,1073,654,419,1451,-,*,2282,962,525,437,1319,*,*,2648,1276,655,621,1372,*,*,2645,1291,636,655,1354,*
"충남","C.제조업(10~34)",1205850,407509,187258,79105,108153,220251,798341,1108968,412800,186393,76931,109462,226407,696168,1366017,457834,204860,88704,116156,252974,908183,1702481,503753,221367,95981,125386,282386,1198728
"충남","D.전기, 가스, 증기 및 공기 조절 공급업(35)",125337,*,2257,2030,227,*,*,111578,3258,*,2674,*,*,108320,142111,4230,*,3935,*,*,137881,231877,*,6065,5896,169,*,*
"충남","E.수도, 하수 및 폐기물 처리, 원료 재생업(36~39)",13524,12321,3365,1398,1967,8956,1203,12782,11435,3585,1581,2004,7850,1347,16545,14819,4336,2005,2330,10483,1727,18545,16745,4041,1996,2045,12704,1801
"충남","F.건설업(41~42)",143151,125018,88377,53324,35053,36641,18133,136979,123346,90348,55924,34424,32998,13633,152993,136835,97860,61612,36248,38975,16158,172635,150962,108065,71315,36749,42898,21673
"충남","G.도매 및 소매업(45~47)",270879,255555,171887,140672,31215,83668,15325,282872,264668,177366,145729,31636,87303,18204,323266,303162,197066,162510,34556,106097,20104,362843,336003,209451,174413,35038,126552,26841
"충남","H.운수 및 창고업(49~52)",41160,38463,30260,23779,6481,8203,2698,44079,39606,31321,24116,7205,8285,4473,47657,44294,35014,26450,8564,9280,3363,55667,50855,38783,31650,7133,12072,4812
"충남","I.숙박 및 음식점업(55~56)",52349,50855,45339,39416,5923,5516,1493,*,50133,45294,40330,4965,4839,*,*,56445,50515,45024,5492,5929,*,*,67272,59647,53754,5893,7624,*
"충남","J.정보통신업(58~63)",*,2631,2141,1077,1064,490,*,*,3436,2765,1411,1354,671,*,*,3928,3238,1754,1484,691,*,*,*,4347,2170,2177,*,*
"충남","K.금융 및 보험업(64~66)",*,*,860,782,78,*,*,2187,1029,*,711,*,*,1157,3137,1294,*,947,*,*,1844,3745,*,1164,982,182,*,*
"충남","L.부동산업(68)",24527,18555,11878,10819,1059,6678,5971,33350,24033,14675,13490,1184,9358,9317,36767,27877,17432,16028,1405,10445,8890,45377,31624,17332,16136,1196,14292,13753
"충남","M.전문, 과학 및 기술 서비스업(70~73)",15311,14421,10057,5055,5002,4364,890,19190,18110,11639,5644,5996,6470,1080,22171,20930,13458,6831,6627,7472,1242,24827,22676,14683,7809,6874,7993,2151
"충남","N.사업시설 관리, 사업 지원 및 임대 서비스업(74~76)",20850,20572,11286,5113,6173,9286,279,*,23380,12327,5741,6586,11053,*,25901,25540,12651,6205,6446,12889,361,32602,29191,14820,7657,7163,14371,3411
"충남","P.교육 서비스업(85)",4777,4777,4213,3739,475,564,-,4426,4426,3826,3363,462,600,-,5955,5955,5127,4514,613,829,-,*,6584,5771,5160,611,813,*
"충남","Q.보건업 및 사회복지 서비스업(86~87)",23230,23230,8683,5250,3433,14546,-,*,23575,8109,5040,3070,15465,*,26187,26187,8555,5290,3265,17632,-,28717,28717,8559,5555,3004,20158,-
"충남","R.예술, 스포츠 및 여가관련 서비스업(90~91)",5797,5313,3917,3200,716,1396,484,*,4948,3448,2849,599,1500,*,*,6266,3768,3159,610,2498,*,7894,7117,4761,3998,764,2356,777
"충남","S.협회 및 단체, 수리 및 기타 개인 서비스업(94~96)",*,12571,8453,6954,1498,4118,*,*,12981,8492,7052,1440,4489,*,*,14009,9214,7664,1550,4795,*,*,15431,9961,8458,1503,5470,*
"전북","전산업",855406,672458,453069,315132,137938,219389,182947,865659,687816,464067,325660,138407,223749,177842,978150,768926,505220,358474,146746,263706,209224,1086306,832818,538214,389908,148305,294605,253488
"전북","A.농업, 임업 및 어업(01~03)",18760,17900,16260,11843,4417,1640,860,22035,21054,17703,12844,4859,3351,981,25324,24457,20495,14811,5684,3962,868,27395,26518,22363,16312,6052,4155,878
"전북","B.광업(05~08)",1985,1985,1510,441,1068,475,-,*,2343,*,481,*,*,*,2492,2492,1451,561,890,1042,-,2325,2325,1141,598,542,1184,-
"전북","C.제조업(10~34)",277981,162646,87072,43019,44053,75574,115335,282314,162997,87625,42771,44854,75372,119317,330829,185103,98367,49352,49016,86735,145726,366489,197152,101796,51330,50466,95356,169337
"전북","D.전기, 가스, 증기 및 공기 조절 공급업(35)",19163,5168,4302,3938,364,866,13995,15119,6614,*,5140,*,*,8505,18968,9573,7744,7400,344,1828,9395,30037,14930,12011,11618,393,2919,15107
"전북","E.수도, 하수 및 폐기물 처리, 원료 재생업(36~39)",9133,6993,2485,952,1533,4508,2139,8043,7803,2540,1183,1357,5263,240,*,9227,2964,1412,1552,6263,*,*,10476,2984,1513,1471,7493,*
"전북","F.건설업(41~42)",121849,112819,82947,47605,35342,29872,9030,123775,115153,86044,50391,35653,29108,8622,135681,125875,89580,54341,35239,36296,9805,142195,133054,92511,58266,34245,40543,9141
"전북","G.도매 및 소매업(45~47)",233683,219253,152549,125554,26995,66705,14429,237674,221727,155778,129139,26640,65949,15946,261717,243984,166117,138846,27272,77867,17733,287045,262687,174010,146618,27392,88676,24358
"전북","H.운수 및 창고업(49~52)",*,*,*,19130,*,*,*,28733,27549,22856,19033,3823,4693,1184,32570,31073,25047,20383,4665,6026,1496,36722,35313,28527,23829,4699,6786,1409
"전북","I.숙박 및 음식점업(55~56)",*,37987,33912,29471,4441,4075,*,37763,37763,33944,30218,3727,3819,-,41183,41183,36919,32625,4294,4265,-,48794,48794,43209,38263,4946,5585,-
"전북","J.정보통신업(58~63)",*,*,*,946,*,*,*,*,3978,2498,986,1512,1480,*,*,4544,2994,1325,1669,1550,*,*,5490,3371,1475,1896,2118,*
"전북","K.금융 및 보험업(64~66)",16746,1461,912,675,236,549,15285,*,1808,*,796,*,*,*,19406,1841,1250,1040,209,592,17565,25384,2290,1132,913,219,1158,23094
"전북","L.부동산업(68)",18848,14948,8184,7454,731,6764,3900,19357,14539,8255,7615,640,6284,4818,21836,17995,9815,8910,905,8180,3841,22207,15701,9238,8663,575,6462,6506
"전북","M.전문, 과학 및 기술 서비스업(70~73)",11831,11354,9309,4568,4740,2045,477,14457,14186,10996,5264,5731,3190,271,15976,15857,11887,5733,6154,3970,119,17811,16793,12775,6296,6479,4018,1018
"전북","N.사업시설 관리, 사업 지원 및 임대 서비스업(74~76)",*,9229,6171,2916,3256,3057,*,*,9907,6393,3143,3250,3514,*,11259,11186,7308,3688,3620,3878,73,12677,12579,8336,4513,3823,4243,98
"전북","P.교육 서비스업(85)",3965,3965,3661,3117,543,304,-,4030,4030,3715,3149,566,314,-,4916,4916,4506,3817,689,410,-,5304,5304,4778,4166,612,526,-
"전북","Q.보건업 및 사회복지 서비스업(86~87)",*,22850,8900,5723,3177,13949,*,*,23486,8522,5670,2852,14964,*,*,25404,8824,5837,2987,16580,*,*,27300,9144,6271,2874,18155,*
"전북","R.예술, 스포츠 및 여가관련 서비스업(90~91)",*,3856,2801,2305,496,1055,*,4417,3820,2431,2095,336,1389,597,5193,4556,2609,2262,347,1947,637,5966,5358,3056,2648,408,2302,608
"전북","S.협회 및 단체, 수리 및 기타 개인 서비스업(94~96)",*,8832,6851,5474,1377,1981,*,*,9060,6894,5743,1151,2166,*,*,9659,7344,6131,1213,2316,*,*,10755,7829,6617,1212,2926,*
"전남","전산업",1058263,749196,518134,353786,164347,231062,309067,1089921,780249,530205,364364,165841,250044,309672,1229741,851790,572130,398944,173186,279661,377951,1370846,931144,616888,436953,179935,314257,439702
"전남","A.농업, 임업 및 어업(01~03)",37132,35612,33110,24322,8787,2502,1520,40442,38845,35531,24814,10717,3314,1597,45528,43884,39710,28423,11287,4174,1644,47803,45826,41234,28868,12365,4593,1977
"전남","B.광업(05~08)",*,*,*,*,743,*,*,*,2335,*,930,*,*,*,*,2749,*,1311,*,*,*,*,*,2109,*,*,*,*
"전남","C.제조업(10~34)",332449,168847,107122,53865,53258,61724,163603,311596,166439,102607,52005,50603,63831,145157,367220,184794,110850,57423,53427,73944,182426,411726,203731,122264,63307,58957,81467,207995
"전남","D.전기, 가스, 증기 및 공기 조절 공급업(35)",19766,*,5300,4720,579,*,*,19957,7446,*,5816,*,*,12511,25882,9649,*,8203,*,*,16233,39954,12825,11477,10953,524,1347,27129
"전남","E.수도, 하수 및 폐기물 처리, 원료 재생업(36~39)",8612,8450,2731,*,*,5719,162,9705,8566,3073,1302,1771,5493,1139,11047,9181,3564,1653,1911,5617,1867,11316,9520,3541,1629,1912,5979,1795
"전남","F.건설업(41~42)",234370,147316,100561,53555,47006,46755,87054,258452,156510,103580,55946,47634,52930,101942,279714,161422,107188,59232,47956,54234,118292,282150,176866,114434,65802,48632,62432,105284
"전남","G.도매 및 소매업(45~47)",235112,215049,154065,125761,28304,60985,20062,247782,224140,159123,131585,27538,65017,23642,276334,247346,171321,142288,29033,76025,28987,304922,265772,180089,151217,28872,85684,39150
"전남","H.운수 및 창고업(49~52)",50429,46584,34475,28302,6174,12108,3845,50136,46944,35287,27453,7834,11658,3192,55903,52682,38691,30153,8537,13991,3222,86066,58259,42095,35249,6847,16164,27807
"전남","I.숙박 및 음식점업(55~56)",*,40395,35901,32228,3673,4495,*,41293,41293,36896,33843,3052,4397,-,*,44893,39592,36129,3463,5301,*,53695,53695,46521,42508,4013,7174,-
"전남","J.정보통신업(58~63)",9524,2990,2276,962,1314,713,6534,10568,3934,2326,907,1419,1608,6634,12084,5100,2629,1056,1572,2471,6985,12713,5006,2907,1274,1633,2100,7707
"전남","K.금융 및 보험업(64~66)",*,*,*,495,*,-,*,*,657,*,558,*,*,*,*,783,*,678,*,*,*,*,778,778,655,123,-,*
"전남","L.부동산업(68)",17877,12145,6150,5465,685,5995,5733,19548,13620,7122,6603,519,6498,5928,22320,12790,8010,7409,602,4780,9530,24938,13467,7743,7035,708,5724,11471
"전남","M.전문, 과학 및 기술 서비스업(70~73)",14526,12823,8671,3990,4681,4152,1703,16038,14364,9817,4448,5370,4547,1674,18230,16671,11135,5352,5783,5536,1560,19205,17888,12108,5955,6153,5780,1317
"전남","N.사업시설 관리, 사업 지원 및 임대 서비스업(74~76)",*,11701,6043,3147,2896,5658,*,*,15021,6854,3499,3355,8167,*,*,15880,7492,4092,3399,8388,*,20197,16555,8026,4261,3765,8529,3642
"전남","P.교육 서비스업(85)",2790,2790,2690,2352,338,100,-,*,2724,2584,2266,319,140,*,3337,3337,3175,2801,374,162,-,3663,3663,3459,3095,364,204,-
"전남","Q.보건업 및 사회복지 서비스업(86~87)",*,22974,7426,4839,2587,15548,*,*,23425,7274,4767,2507,16151,*,*,25829,7419,4787,2632,18410,*,*,*,7593,*,*,*,*
"전남","R.예술, 스포츠 및 여가관련 서비스업(90~91)",5087,4072,2456,1982,474,1616,1015,5607,4413,2357,1920,437,2056,1194,6945,4982,2471,2077,394,2510,1963,8002,5901,2874,2436,438,3027,2101
"전남","S.협회 및 단체, 수리 및 기타 개인 서비스업(94~96)",9052,9052,6865,5508,1356,2188,-,*,9572,6982,5703,1279,2590,*,9819,9819,7241,5874,1367,2578,-,10383,10383,7634,6358,1276,2749,-
"경북","전산업",2042410,1173382,760045,505159,254886,413337,869028,1983201,1148866,758335,505738,252597,390531,834335,2354623,1321601,850960,571871,279088,470641,1033022,2624887,1475334,916735,629883,286852,558599,1149553
"경북","A.농업, 임업 및 어업(01~03)",24905,24727,21416,15306,6111,3311,178,28117,27928,23738,16309,7428,4190,189,33220,32955,27319,18927,8392,5636,265,37291,37198,29141,20158,8983,8058,92
"경북","B.광업(05~08)",*,2582,1883,1045,838,699,*,*,2670,*,971,*,*,*,*,2705,1994,995,999,711,*,*,*,2195,1134,1061,*,*
"경북","C.제조업(10~34)",1103590,477252,261567,125830,135737,215684,626339,1029063,448108,251600,120921,130679,196508,580955,1303785,517813,286904,141537,145367,230909,785972,1447894,588212,308082,156404,151678,280131,859682
"경북","D.전기, 가스, 증기 및 공기 조절 공급업(35)",103376,*,2954,2654,300,*,*,113148,4670,*,3207,*,*,108478,109799,6390,*,4571,*,*,103409,128909,*,7890,7489,400,*,*
"경북","E.수도, 하수 및 폐기물 처리, 원료 재생업(36~39)",20652,16916,5554,2501,3054,11362,3736,20543,16484,5408,2472,2936,11076,4059,29761,21066,6173,2989,3184,14893,8695,29600,20960,6560,3375,3185,14401,8640
"경북","F.건설업(41~42)",231082,144145,104051,63215,40835,40094,86936,226211,142592,106831,65517,41314,35761,83619,236634,158559,115944,70332,45613,42614,78076,269222,173625,123130,78059,45072,50495,95597
"경북","G.도매 및 소매업(45~47)",312862,297903,212361,177186,35174,85542,14958,321260,302833,215612,180003,35608,87221,18427,376406,354263,239957,200776,39181,114306,22142,411345,387315,252419,213397,39022,134896,24030
"경북","H.운수 및 창고업(49~52)",52733,46901,37534,31320,6214,9367,5832,51540,45451,37512,30093,7418,7939,6089,58445,50652,41350,32686,8664,9302,7793,65304,57252,46369,38994,7374,10883,8052
"경북","I.숙박 및 음식점업(55~56)",55573,54404,49034,43627,5407,5370,1168,52570,51813,47641,43390,4251,4172,757,60350,59558,54144,49362,4782,5414,792,72507,71502,64099,58257,5842,7403,1004
"경북","J.정보통신업(58~63)",14312,4751,3297,1158,2139,1454,9561,14038,4507,3532,1309,2223,975,9530,14085,5504,4049,1729,2320,1455,8582,18117,6807,4779,2033,2746,2028,11310
"경북","K.금융 및 보험업(64~66)",*,*,1333,962,371,*,*,*,1661,*,1159,*,*,*,2936,1730,*,1129,*,*,1206,3139,1978,1272,1042,229,707,1160
"경북","L.부동산업(68)",20653,15728,10132,9217,915,5595,4925,26402,17534,10968,10197,771,6566,8869,23882,18904,13139,12347,792,5764,4979,23509,18044,12280,11294,986,5763,5465
"경북","M.전문, 과학 및 기술 서비스업(70~73)",22259,16872,10898,5264,5634,5974,5388,28421,19040,11716,5384,6332,7324,9381,26935,20363,13237,6425,6811,7126,6572,29853,21972,14734,6998,7736,7238,7881
"경북","N.사업시설 관리, 사업 지원 및 임대 서비스업(74~76)",18115,17692,9712,4557,5155,7980,423,19138,17577,9904,4523,5381,7673,1562,21215,19470,11185,5659,5526,8285,1744,24912,22009,12409,6575,5834,9601,2902
"경북","P.교육 서비스업(85)",4549,4549,4271,3774,497,277,-,*,4059,3801,3338,464,258,*,*,5537,4989,4401,589,547,*,*,6116,5506,4935,571,610,*
"경북","Q.보건업 및 사회복지 서비스업(86~87)",23379,23379,10510,6755,3755,12869,-,*,22210,9755,6387,3368,12455,*,*,24360,10282,6810,3472,14078,*,*,26601,10527,7187,3340,16074,*
"경북","R.예술, 스포츠 및 여가관련 서비스업(90~91)",8347,7520,3786,3145,641,3734,827,8179,7428,3430,2848,582,3998,751,10236,8730,3803,2999,805,4927,1506,11963,10179,4499,3598,901,5681,1784
"경북","S.협회 및 단체, 수리 및 기타 개인 서비스업(94~96)",*,12463,9751,7643,2109,2711,*,*,12302,9574,7710,1864,2728,*,*,13042,10044,8197,1847,2998,*,*,14304,10846,8954,1892,3458,*
"경남","전산업",2336167,1484818,939056,603416,335640,545762,851349,2210669,1470026,939274,608491,330784,530752,740643,2464957,1656866,1036767,678785,357982,620099,808091,2841777,1832198,1119384,749353,370031,712814,1009579
"경남","A.농업, 임업 및 어업(01~03)",27597,27340,25283,18973,6309,2057,257,*,30132,27377,19776,7601,2756,*,33530,33254,30277,22317,7960,2977,276,36906,36509,33353,24621,8732,3156,396
"경남","B.광업(05~08)",1460,1460,993,404,589,466,-,*,1306,*,*,*,*,*,*,1665,*,470,*,*,*,*,*,1036,557,479,*,*
"경남","C.제조업(10~34)",1285530,637762,348741,154556,194185,289021,647768,1212311,613276,336110,149376,186734,277166,599035,1331215,693666,374311,172866,201444,319355,637549,1527693,771447,407281,192489,214792,364167,756246
"경남","D.전기, 가스, 증기 및 공기 조절 공급업(35)",63660,1404,1404,1269,135,-,62256,52102,1784,*,1514,*,*,50318,69982,2475,*,2122,*,*,67507,125531,*,3980,3425,554,*,*
"경남","E.수도, 하수 및 폐기물 처리, 원료 재생업(36~39)",15645,13784,5744,2406,3338,8040,1861,*,13659,*,*,3346,*,*,20310,17947,6261,2935,3326,11686,2363,23026,19458,6451,3072,3379,13006,3568
"경남","F.건설업(41~42)",180969,147728,108031,65130,42901,39697,33241,153119,146372,110581,68114,42467,35792,6747,160594,155533,120074,72776,47298,35459,5061,175675,*,123631,80156,43475,*,*
"경남","G.도매 및 소매업(45~47)",429334,380603,255417,211307,44111,125186,48731,424177,381760,258137,212867,45270,123623,42417,484334,438565,284999,236289,48710,153567,45769,544064,481052,300454,252330,48124,180598,63012
"경남","H.운수 및 창고업(49~52)",55762,49706,40317,31260,9058,9389,6056,*,52012,42766,32416,10350,9246,*,67823,59042,48237,35798,12439,10805,8781,75902,67704,54294,42326,11967,13411,8198
"경남","I.숙박 및 음식점업(55~56)",*,72599,65354,57441,7914,7245,*,73119,71931,65967,59292,6675,5965,1187,77112,76223,70226,63036,7189,5997,889,92701,91627,83208,74740,8468,8419,1074
"경남","J.정보통신업(58~63)",7416,6557,3529,1491,2038,3028,859,8944,8249,4463,1829,2634,3786,695,10081,9348,5419,2439,2980,3929,733,11544,10758,5776,2799,2977,4982,786
"경남","K.금융 및 보험업(64~66)",*,2370,1434,1023,412,935,*,*,2540,*,1111,*,*,*,17326,2171,1853,1231,622,318,15155,22714,2417,1816,1557,259,601,20297
"경남","L.부동산업(68)",55714,26063,14497,13357,1140,11567,29650,41417,28197,15873,14493,1380,12324,13220,55020,35578,18085,16806,1279,17493,19442,53164,29651,17310,15976,1335,12341,23513
"경남","M.전문, 과학 및 기술 서비스업(70~73)",24375,23287,16039,8018,8020,7248,1088,*,24726,17318,8680,8638,7408,*,28652,27252,19006,9954,9052,8245,1400,33030,31643,21041,11182,9859,10602,1387
"경남","N.사업시설 관리, 사업 지원 및 임대 서비스업(74~76)",24517,24286,14200,7060,7140,10086,231,24483,23439,14201,7365,6837,9237,1044,27462,26404,15056,8161,6895,11348,1059,30161,28988,16649,9439,7210,12339,1174
"경남","P.교육 서비스업(85)",8074,8074,7106,6340,766,968,-,*,7613,6648,5861,787,965,*,9874,9874,8678,7697,980,1196,-,10746,10746,9493,8468,1025,1254,-
"경남","Q.보건업 및 사회복지 서비스업(86~87)",37360,37360,13552,9032,4519,23809,-,38006,38006,12825,8605,4220,25181,-,*,41153,13402,9074,4328,27750,*,*,45198,13848,9595,4253,31349,*
"경남","R.예술, 스포츠 및 여가관련 서비스업(90~91)",8658,7455,4785,4015,770,2670,1203,8848,7856,4447,3794,654,3409,992,9937,8730,4680,3833,847,4050,1207,11825,10414,5787,4690,1098,4626,1411
"경남","S.협회 및 단체, 수리 및 기타 개인 서비스업(94~96)",17105,16980,12630,10335,2294,4351,125,*,17166,12614,10454,2160,4553,*,18206,17987,12916,10978,1938,5070,219,19640,19273,13978,11932,2046,5295,367
"제주","전산업",347836,271140,190487,129013,61474,80654,76696,316827,260757,185952,127914,58038,74805,56070,366236,303901,212082,146621,65461,91819,62336,416573,339892,234051,164437,69613,105841,76681
"제주","A.농업, 임업 및 어업(01~03)",13291,13291,12487,6158,6329,805,-,*,16503,15219,7394,7825,1284,*,*,18365,16859,8744,8116,1505,*,*,18993,17281,8531,8750,1712,*
"제주","B.광업(05~08)",*,*,*,36,*,*,-,256,256,*,*,244,*,-,472,472,*,65,*,*,-,*,*,273,29,244,*,-
"제주","C.제조업(10~34)",20246,18620,13784,7263,6522,4836,1626,19048,17285,12556,6617,5939,4729,1763,21998,19389,14461,8112,6349,4928,2610,24711,22209,16474,8839,7634,5736,2501
"제주","D.전기, 가스, 증기 및 공기 조절 공급업(35)",1143,1135,496,438,57,640,7,1285,1278,*,477,*,*,8,1727,1582,958,909,48,624,146,2579,2381,1588,1492,96,793,198
"제주","E.수도, 하수 및 폐기물 처리, 원료 재생업(36~39)",*,1333,832,335,498,501,*,1280,1280,*,*,397,*,-,*,1307,734,303,431,572,*,1502,1502,773,346,426,730,-
"제주","F.건설업(41~42)",52366,49204,34971,21470,13501,14234,3161,45018,42742,32001,19801,12199,10742,2276,51439,49246,37234,22260,14974,12011,2193,56032,53044,40329,24874,15455,12715,2988
"제주","G.도매 및 소매업(45~47)",109040,97827,67383,49533,17850,30444,11213,101254,96080,65088,49137,15951,30992,5174,116438,110139,72848,55109,17739,37291,6299,128909,119910,78701,60343,18358,41209,8999
"제주","H.운수 및 창고업(49~52)",*,*,*,5493,*,*,*,*,11289,8250,5768,2482,3039,*,*,12200,*,6355,*,*,*,*,14208,10380,7530,2849,3828,*
"제주","I.숙박 및 음식점업(55~56)",36666,29927,23110,18125,4985,6817,6738,30081,28451,23331,19166,4166,5120,1630,36291,34235,26852,21904,4948,7383,2057,44592,41946,32200,26776,5424,9746,2646
"제주","J.정보통신업(58~63)",29594,2245,1362,571,791,883,27349,30183,2390,1459,561,898,931,27794,32791,3220,2050,835,1214,1171,29571,39620,4261,2568,1123,1445,1693,35360
"제주","K.금융 및 보험업(64~66)",3927,484,484,399,85,-,3443,*,584,*,460,*,*,*,*,593,*,507,*,*,*,*,607,607,546,61,-,*
"제주","L.부동산업(68)",13983,12437,6803,6511,292,5634,1546,16366,10995,6507,6124,383,4488,5371,20076,14152,8136,7544,592,6016,5924,19053,15615,8368,7760,608,7247,3438
"제주","M.전문, 과학 및 기술 서비스업(70~73)",*,5219,4467,2181,2286,752,*,4889,4889,4416,2240,2176,473,-,*,5790,5215,2673,2542,575,*,*,6765,5759,3185,2574,1006,*
"제주","N.사업시설 관리, 사업 지원 및 임대 서비스업(74~76)",12516,9862,5327,3232,2095,4535,2654,11360,8674,4747,2618,2129,3927,2686,17587,13724,5583,3294,2289,8141,3863,20734,15340,6299,4073,2226,9041,5394
"제주","P.교육 서비스업(85)",*,1845,1701,1428,273,145,*,*,1893,1746,1417,328,147,*,*,2269,2135,1751,384,134,*,*,*,2371,1944,427,*,*
"제주","Q.보건업 및 사회복지 서비스업(86~87)",6865,6865,3330,1953,1377,3535,-,7055,7055,3284,1950,1334,3771,-,7623,7623,3367,2071,1296,4256,-,8451,8451,3549,2264,1284,4902,-
"제주","R.예술, 스포츠 및 여가관련 서비스업(90~91)",9277,5250,2520,1693,827,2731,4026,6287,4982,2343,1659,683,2639,1305,7663,5205,2576,1799,777,2629,2458,9759,6519,3250,2128,1122,3268,3241
"제주","S.협회 및 단체, 수리 및 기타 개인 서비스업(94~96)",*,4349,2808,2193,615,1541,*,*,4131,2776,2231,545,1355,*,*,4392,2942,2385,557,1450,*,*,5026,3281,2654,627,1745,*
